computation,queue_states,grid_states,op_states,S,arms,budget,rounds,policy_label,display_name,policy,transition_variant,gate_mode,n,mean_avg_reward,mean_oracle_avg_reward,mean_avg_reward_pct_oracle,mean_avg_reward_gap_to_oracle,mean_cum_reward,mean_computation_saving_pct,mean_walltime_seconds,sort_order,is_best_non_oracle
Event-Driven TW (M1+M3),4,5,3,60,8,2,250,oracle,oracle,oracle,dense,deterministic,2,6328.309806832651,6328.309806832651,100.0,0.0,1582077.451708163,100.0,0.040154396000009,0,False
Event-Driven TW (M1+M3),4,5,3,60,8,2,250,state_thompson,State Thompson,state_thompson,dense,deterministic,2,4064.8860674577163,6328.309806832651,64.42752202109071,2263.4237393749354,1016221.516864429,100.0,0.051278854000005744,1,False
Event-Driven TW (M1+M3),4,5,3,60,8,2,250,tw_dense,TW,tw,dense,deterministic,2,3915.608522907697,6328.309806832651,59.7605903101432,2412.7012839249546,978902.1307269242,44.26041666666667,22.421627916500007,2,False
Event-Driven TW (M1+M3),4,5,3,60,8,2,250,local_ucb_tw_dense,Local UCB+TW,local_ucb_tw,dense,deterministic,2,3928.2434687819004,6328.309806832651,60.599816735710434,2400.0663380507513,982060.8671954749,45.98958333333333,21.197527563,3,False
Event-Driven TW (M1+M3),4,5,3,60,8,2,250,global_ucb_tw_dense,Global UCB+TW,global_ucb_tw,dense,deterministic,2,3571.2181482228584,6328.309806832651,54.97686852998099,2757.091658609793,892804.5370557145,49.57291666666667,19.6424356045,4,False
Event-Driven TW (M1+M3),4,5,3,60,8,2,250,exp4_dense,EXP4,exp4,dense,deterministic,2,3780.6409654397876,6328.309806832651,59.961299636271164,2547.6688413928637,945160.2413599469,50.97916666666666,19.469962833500002,5,False
Event-Driven TW (M1+M3),4,5,3,60,8,2,250,tm_tw_dense,TM-TW,tm_tw,dense,deterministic,2,3389.0780682646227,6328.309806832651,52.55332362763177,2939.231738568028,847269.5170661558,44.53125,21.759166437500003,6,False
Event-Driven TW (M1+M3),4,5,3,60,8,2,250,tm_tw_refined_dense,Adaptive TM-TW,tm_tw_refined,dense,deterministic,2,3782.9093662786236,6328.309806832651,58.06152815805821,2545.400440554028,945727.3415696558,45.77083333333333,21.756163000000015,7,False
Event-Driven TW (M1+M3),4,5,3,60,8,2,250,tm_tw_refined_gated_offline_beta,Adaptive + beta-gate prior,tm_tw_refined,gated_offline,beta,2,3535.460880332078,6328.309806832651,56.764153260029715,2792.8489265005733,883865.2200830195,45.4375,21.351036812000004,8,False
Event-Driven TW (M1+M3),4,5,3,60,8,2,250,tm_tw_refined_gated_offline_low_rank_beta,Adaptive + beta-gate + LR,tm_tw_refined,gated_offline_low_rank,beta,2,4828.3206216172875,6328.309806832651,73.1587037115566,1499.9891852153632,1207080.155404322,44.697916666666664,22.137584812499995,9,True
Event-Driven TW (M1+M3),4,5,3,60,8,2,250,tm_tw_refined_support_offline,Adaptive + support/offline,tm_tw_refined,support_offline,deterministic,2,3046.389191943954,6328.309806832651,49.11004361360359,3281.9206148886974,761597.2979859884,46.322916666666664,21.417248458500026,10,False
Event-Driven TW (M1+M3),4,10,3,120,8,2,250,oracle,oracle,oracle,dense,deterministic,2,5073.91338000727,5073.91338000727,100.0,0.0,1268478.3450018174,100.0,0.0379780829999276,0,False
Event-Driven TW (M1+M3),4,10,3,120,8,2,250,state_thompson,State Thompson,state_thompson,dense,deterministic,2,1429.778910979571,5073.91338000727,30.425364955985813,3644.1344690276987,357444.7277448927,100.0,0.05347408350007745,1,False
Event-Driven TW (M1+M3),4,10,3,120,8,2,250,tw_dense,TW,tw,dense,deterministic,2,2863.971978597103,5073.91338000727,53.358267911571716,2209.9414014101667,715992.9946492757,67.49479166666666,91.46034372899993,2,False
Event-Driven TW (M1+M3),4,10,3,120,8,2,250,local_ucb_tw_dense,Local UCB+TW,local_ucb_tw,dense,deterministic,2,2214.9527861938664,5073.91338000727,41.850909225448405,2858.9605938134036,553738.1965484666,68.484375,86.54645433350007,3,False
Event-Driven TW (M1+M3),4,10,3,120,8,2,250,global_ucb_tw_dense,Global UCB+TW,global_ucb_tw,dense,deterministic,2,2772.3740670639,5073.91338000727,50.486916922774796,2301.53931294337,693093.5167659749,70.82291666666667,81.76023235399998,4,False
Event-Driven TW (M1+M3),4,10,3,120,8,2,250,exp4_dense,EXP4,exp4,dense,deterministic,2,2087.961889200993,5073.91338000727,38.14840548432724,2985.9514908062765,521990.4723002482,71.10416666666666,81.06192325,5,False
Event-Driven TW (M1+M3),4,10,3,120,8,2,250,tm_tw_dense,TM-TW,tm_tw,dense,deterministic,2,2527.807277977342,5073.91338000727,47.936972181514626,2546.106102029928,631951.8194943354,68.29166666666666,84.22140431250006,6,False
Event-Driven TW (M1+M3),4,10,3,120,8,2,250,tm_tw_refined_dense,Adaptive TM-TW,tm_tw_refined,dense,deterministic,2,2744.747456532268,5073.91338000727,53.10573482047663,2329.165923475002,686186.864133067,69.29166666666667,87.11191122899999,7,False
Event-Driven TW (M1+M3),4,10,3,120,8,2,250,tm_tw_refined_gated_offline_beta,Adaptive + beta-gate prior,tm_tw_refined,gated_offline,beta,2,2863.5602206089893,5073.91338000727,54.78370445915466,2210.3531593982807,715890.0551522472,67.78645833333334,87.426207438,8,True
Event-Driven TW (M1+M3),4,10,3,120,8,2,250,tm_tw_refined_gated_offline_low_rank_beta,Adaptive + beta-gate + LR,tm_tw_refined,gated_offline_low_rank,beta,2,2519.043522330651,5073.91338000727,48.96809231309554,2554.869857676619,629760.8805826626,69.6875,87.44260141649994,9,False
Event-Driven TW (M1+M3),4,10,3,120,8,2,250,tm_tw_refined_support_offline,Adaptive + support/offline,tm_tw_refined,support_offline,deterministic,2,2645.4464157925995,5073.91338000727,49.457610665591304,2428.4669642146705,661361.6039481498,69.42708333333334,91.98832858349988,10,False
Event-Driven TW (M1+M3),4,15,3,180,8,2,250,oracle,oracle,oracle,dense,deterministic,2,2994.829778282996,2994.829778282996,100.0,0.0,748707.444570749,100.0,0.04091291649979205,0,False
Event-Driven TW (M1+M3),4,15,3,180,8,2,250,state_thompson,State Thompson,state_thompson,dense,deterministic,2,797.3827900813392,2994.829778282996,30.63575380679675,2197.4469882016565,199345.6975203348,100.0,0.05417056250007585,1,False
Event-Driven TW (M1+M3),4,15,3,180,8,2,250,tw_dense,TW,tw,dense,deterministic,2,500.0779751692309,2994.829778282996,23.193838461689452,2494.7518031137647,125019.49379230774,78.80208333333333,92.26157285449995,2,False
Event-Driven TW (M1+M3),4,15,3,180,8,2,250,local_ucb_tw_dense,Local UCB+TW,local_ucb_tw,dense,deterministic,2,558.3210683366842,2994.829778282996,25.648567639410548,2436.5087099463112,139580.26708417106,78.93402777777777,93.33360495800002,3,False
Event-Driven TW (M1+M3),4,15,3,180,8,2,250,global_ucb_tw_dense,Global UCB+TW,global_ucb_tw,dense,deterministic,2,2475.4022503880587,2994.829778282996,77.16041136893917,519.4275278949368,618850.5625970147,80.07638888888889,89.43948174999991,4,True
Event-Driven TW (M1+M3),4,15,3,180,8,2,250,exp4_dense,EXP4,exp4,dense,deterministic,2,2449.7920806490765,2994.829778282996,74.90371842703205,545.0376976339192,612448.0201622692,81.46527777777777,80.92967393749996,5,False
Event-Driven TW (M1+M3),4,15,3,180,8,2,250,tm_tw_dense,TM-TW,tm_tw,dense,deterministic,2,618.7770464891476,2994.829778282996,27.616605083370466,2376.052731793848,154694.2616222869,78.34027777777777,95.7905974790001,6,False
Event-Driven TW (M1+M3),4,15,3,180,8,2,250,tm_tw_refined_dense,Adaptive TM-TW,tm_tw_refined,dense,deterministic,2,683.6223459681001,2994.829778282996,30.18264561574753,2311.2074323148954,170905.58649202503,79.77083333333334,88.16073364600015,7,False
Event-Driven TW (M1+M3),4,15,3,180,8,2,250,tm_tw_refined_gated_offline_beta,Adaptive + beta-gate prior,tm_tw_refined,gated_offline,beta,2,544.9793707212208,2994.829778282996,26.80093489146504,2449.850407561775,136244.8426803052,79.25,94.44788339549996,8,False
Event-Driven TW (M1+M3),4,15,3,180,8,2,250,tm_tw_refined_gated_offline_low_rank_beta,Adaptive + beta-gate + LR,tm_tw_refined,gated_offline_low_rank,beta,2,674.2288362626899,2994.829778282996,24.662293520533424,2320.600942020306,168557.20906567248,78.64236111111111,96.83548391699992,9,False
Event-Driven TW (M1+M3),4,15,3,180,8,2,250,tm_tw_refined_support_offline,Adaptive + support/offline,tm_tw_refined,support_offline,deterministic,2,527.8153840489715,2994.829778282996,22.676607036941792,2467.014394234024,131953.84601224287,79.08680555555556,98.28527093749994,10,False
